events,generation_calls,heap_used_after_gc,heap_max,pending,completed,definitions,distinct_stack_classes,suppressed_returns
1,0,3525520,201326592,0,0,0,0,0
1000,58,9000472,201326592,2,4,78,38,0
2000,117,9430352,201326592,1,4,134,91,0
3000,176,10027600,201326592,1,4,193,150,0
4000,236,10682896,201326592,3,4,252,210,1
5000,294,11238384,201326592,2,4,311,268,1
6000,353,11816752,201326592,2,4,370,327,1
7000,412,12780000,201326592,3,4,410,346,2
8000,472,13845936,201326592,5,4,445,359,2
9000,529,14179608,201326592,2,7,492,379,2
10000,589,14791168,201326592,4,7,550,439,2
11000,648,15388104,201326592,5,7,609,498,3
12000,708,16009552,201326592,6,7,668,558,3
13000,765,16512752,201326592,4,7,727,615,3
14000,826,18069320,201326592,7,9,779,661,4
15000,883,18158200,201326592,5,10,833,706,4
16000,943,18797440,201326592,6,10,892,766,4
17000,1002,19400240,201326592,7,10,950,825,4
18000,1060,19982352,201326592,6,10,1010,883,5
19000,1119,20557144,201326592,6,10,1069,942,5
20000,1178,21197808,201326592,6,13,1116,975,5
21000,1237,21798288,201326592,7,13,1175,1033,6
22000,1296,22395720,201326592,8,13,1233,1092,6
23000,1356,23004856,201326592,9,13,1292,1152,6
24000,1414,23638208,201326592,8,13,1352,1210,7
25000,1472,24193176,201326592,7,14,1406,1258,7
26000,1532,24865072,201326592,9,16,1457,1301,7
27000,1591,25443064,201326592,9,16,1516,1360,7
28000,1649,26011288,201326592,8,16,1576,1418,8
29000,1709,26663128,201326592,11,16,1633,1478,8
30000,1767,27184152,201326592,9,16,1693,1536,8
31000,1827,27908056,201326592,11,18,1743,1574,9
32000,1885,28497848,201326592,11,19,1799,1627,9
33000,1945,29088760,201326592,12,19,1857,1687,9
34000,2003,29667216,201326592,11,19,1916,1745,9
35000,2063,30308848,201326592,13,19,1975,1805,10
36000,2121,30858504,201326592,11,20,2031,1854,10
37000,2180,31500400,201326592,13,22,2080,1895,10
38000,2239,32076104,201326592,12,22,2141,1954,11
39000,2298,32665480,201326592,13,22,2199,2013,11
40000,2357,33273576,201326592,14,22,2257,2072,11
41000,2415,34143568,201326592,12,22,2316,2128,11
42000,2475,34574760,201326592,14,24,2368,2173,12
43000,2533,35088896,201326592,13,25,2423,2221,12
44000,2593,35705192,201326592,15,25,2481,2281,12
45000,2652,36298696,201326592,15,25,2541,2340,13
46000,2710,36836904,201326592,14,25,2600,2398,13
47000,2770,37516528,201326592,16,26,2654,2449,13
48000,2828,38159720,201326592,15,28,2706,2492,13
49000,2887,38755872,201326592,16,28,2763,2548,14
50000,2946,39339136,201326592,16,28,2822,2607,14
51000,3005,39918360,201326592,16,28,2881,2666,14
52000,3064,40560832,201326592,17,29,2938,2721,15
53000,3123,41191504,201326592,17,30,2993,2770,15
54000,3181,41724040,201326592,16,31,3046,2815,15
55000,3241,42370672,201326592,18,31,3105,2875,16
56000,3299,42944680,201326592,17,31,3164,2933,16
57000,3358,43586672,201326592,17,31,3223,2992,16
58000,3417,44263016,201326592,18,33,3274,3036,16
59000,3478,45353936,201326592,21,36,3318,3061,17
60000,3535,45498544,201326592,18,43,3352,3061,17
61000,3595,46334184,201326592,21,50,3383,3061,17
62000,3653,46901800,201326592,19,57,3416,3061,17
63000,3712,48093968,201326592,19,63,3449,3061,18
64000,3772,48865920,201326592,22,69,3482,3061,18
65000,3830,49364656,201326592,20,76,3514,3061,18
66000,3889,49701960,201326592,21,82,3547,3061,19
67000,3948,50728352,201326592,21,89,3581,3061,19
68000,4007,51048208,201326592,22,95,3613,3061,19
69000,4066,51713672,201326592,21,103,3645,3061,19
70000,4125,52641528,201326592,22,109,3677,3061,20
71000,4184,53678920,201326592,23,115,3709,3061,20
72000,4243,54369584,201326592,23,122,3742,3061,20
73000,4301,54608600,201326592,23,128,3775,3061,20
74000,4360,55210344,201326592,22,135,3809,3061,21
75000,4420,56289216,201326592,25,141,3841,3061,21
76000,4478,56566480,201326592,23,148,3873,3061,21
77000,4537,57410136,201326592,23,154,3907,3061,21
78000,4596,57738088,201326592,24,161,3940,3061,22
79000,4655,58755072,201326592,24,168,3971,3061,22
80000,4715,59079296,201326592,26,174,4004,3061,22
81000,4773,60069704,201326592,25,180,4037,3061,22
82000,4832,60502800,201326592,26,188,4070,3061,23
83000,4890,61495952,201326592,26,194,4102,3061,23
84000,4949,62000776,201326592,25,200,4135,3061,23
85000,5010,63352272,201326592,28,206,4168,3061,24
86000,5068,63332368,201326592,27,213,4201,3061,24
87000,5126,63946040,201326592,26,220,4234,3061,24
88000,5185,64896776,201326592,26,227,4266,3061,24
89000,5244,65194824,201326592,27,233,4299,3061,25
90000,5303,65935696,201326592,27,240,4331,3061,25
91000,5362,66739408,201326592,27,246,4365,3061,25
92000,5421,67389632,201326592,28,252,4398,3061,25
93000,5479,67599656,201326592,27,258,4430,3061,26
94000,5539,68719008,201326592,29,265,4463,3061,26
95000,5598,69280680,201326592,29,271,4496,3061,26
96000,5656,69844400,201326592,27,278,4528,3061,26
97000,5715,70186776,201326592,29,284,4560,3061,27
98000,5774,71296008,201326592,28,291,4593,3061,27
99000,5833,71612792,201326592,29,297,4626,3061,27
100000,5892,72304472,201326592,29,304,4659,3061,27
101000,5951,72890176,201326592,30,311,4691,3061,28
102000,6011,72443904,201326592,31,317,4724,3061,28
103000,6069,73195736,201326592,31,324,4756,3061,28
104000,6127,73320168,201326592,30,330,4789,3061,28
105000,6187,73967280,201326592,31,336,4822,3061,29
106000,6247,73946416,201326592,33,343,4855,3061,29
107000,6305,74502016,201326592,32,351,4887,3061,29
108000,6363,74353288,201326592,32,357,4918,3061,30
109000,6423,75169368,201326592,33,363,4951,3061,30
110000,6481,75151432,201326592,31,370,4985,3061,30
111000,6541,75641856,201326592,33,376,5016,3061,30
112000,6600,75393720,201326592,34,382,5050,3061,31
113000,6658,75951504,201326592,33,390,5082,3061,31
114000,6717,76070544,201326592,33,396,5115,3061,31
115000,6775,76616472,201326592,32,402,5148,3061,31
116000,6835,76913824,201326592,34,408,5182,3061,32
117000,6894,77197632,201326592,34,415,5213,3061,32
118000,6953,77542784,201326592,35,421,5247,3061,32
119000,7012,77542856,201326592,36,427,5280,3061,32
120000,7070,78122232,201326592,34,436,5311,3061,33
121000,7129,78490512,201326592,34,442,5343,3061,33
122000,7188,79137800,201326592,35,448,5376,3061,33
123000,7246,79309936,201326592,33,455,5409,3061,33
124000,7306,80270024,201326592,36,460,5441,3061,34
125000,7365,80425344,201326592,36,466,5475,3061,34
126000,7423,80959632,201326592,35,473,5508,3061,34
127000,7483,81767728,201326592,36,480,5539,3061,34
128000,7541,81846536,201326592,36,486,5572,3061,35
129000,7601,82482272,201326592,37,492,5605,3061,35
130000,7661,83106472,201326592,40,499,5637,3061,35
131000,7719,83850168,201326592,38,506,5671,3061,36
132000,7777,84327384,201326592,37,513,5702,3061,36
133000,7836,84872424,201326592,37,520,5736,3061,36
134000,7894,85288112,201326592,36,526,5768,3061,36
135000,7954,86642472,201326592,39,532,5801,3061,37
136000,8014,87059440,201326592,40,538,5834,3061,37
137000,8073,87735664,201326592,41,545,5866,3061,37
138000,8131,88231672,201326592,40,552,5898,3061,37
139000,8190,88463168,201326592,41,558,5931,3061,38
140000,8249,88995680,201326592,40,565,5964,3061,38
141000,8308,89500888,201326592,41,571,5996,3061,38
142000,8366,90619120,201326592,40,578,6029,3061,38
143000,8426,90357424,201326592,41,585,6062,3061,39
144000,8485,91189592,201326592,42,592,6094,3061,39
145000,8543,91556520,201326592,41,598,6127,3061,39
146000,8603,92106352,201326592,43,604,6159,3061,39
147000,8661,93162688,201326592,42,611,6192,3061,40
148000,8720,93601024,201326592,42,617,6225,3061,40
149000,8779,94176144,201326592,43,623,6258,3061,40
150000,8839,94799104,201326592,44,630,6291,3061,41
151000,8897,94832136,201326592,43,636,6325,3061,41
152000,8955,95695952,201326592,42,644,6356,3061,41
153000,9015,95957208,201326592,44,650,6389,3061,41
154000,9074,96994152,201326592,45,657,6419,3061,42
155000,9133,97658624,201326592,45,663,6453,3061,42
156000,9192,98133952,201326592,45,669,6486,3061,42
157000,9250,98466176,201326592,44,677,6519,3061,42
158000,9309,99377000,201326592,44,683,6551,3061,43
159000,9368,100214888,201326592,45,689,6583,3061,43
160000,9428,100351320,201326592,46,695,6617,3061,43
161000,9485,100752552,201326592,44,702,6649,3061,43
162000,9546,101575312,201326592,48,709,6681,3061,44
163000,9604,102500744,201326592,47,716,6714,3061,44
164000,9662,102515192,201326592,45,723,6747,3061,44
165000,9721,103131640,201326592,46,729,6779,3061,44
166000,9780,104274784,201326592,46,735,6812,3061,45
167000,9839,104446680,201326592,47,741,6845,3061,45
168000,9899,105134496,201326592,48,748,6877,3061,45
169000,9957,105522112,201326592,47,755,6909,3061,45
170000,10017,106739576,201326592,49,761,6941,3061,46
171000,10076,106716792,201326592,49,768,6974,3061,46
172000,10134,107621024,201326592,49,774,7007,3061,46
173000,10193,108088400,201326592,49,780,7040,3061,47
174000,10252,108294384,201326592,49,787,7074,3061,47
175000,10311,108822808,201326592,49,794,7105,3061,47
176000,10370,109784056,201326592,50,801,7137,3061,47
177000,10429,109930272,201326592,50,808,7170,3061,48
178000,10487,110410320,201326592,49,814,7204,3061,48
179000,10546,111161272,201326592,49,820,7236,3061,48
180000,10607,111215336,201326592,53,826,7268,3061,48
181000,10664,111736808,201326592,50,833,7301,3061,49
182000,10723,112428072,201326592,51,839,7333,3061,49
183000,10783,112756632,201326592,52,845,7367,3061,49
184000,10841,113735216,201326592,51,852,7400,3061,49
185000,10901,114620912,201326592,54,858,7431,3061,50
186000,10958,114977224,201326592,52,865,7464,3061,50
187000,11018,115550400,201326592,53,871,7497,3061,50
188000,11077,115822040,201326592,53,878,7529,3061,50
189000,11136,116623200,201326592,53,884,7562,3061,51
190000,11197,117171360,201326592,57,890,7594,3061,51
191000,11254,117780168,201326592,54,898,7627,3061,51
192000,11313,118662024,201326592,55,904,7658,3061,52
193000,11371,119234504,201326592,53,911,7692,3061,52
194000,11430,120247840,201326592,54,918,7724,3061,52
195000,11489,120248512,201326592,54,924,7756,3061,52
196000,11549,121205368,201326592,56,930,7790,3061,53
197000,11608,121492592,201326592,57,937,7821,3061,53
198000,11666,122169392,201326592,56,944,7853,3061,53
199000,11725,122438904,201326592,55,950,7888,3061,53
200000,11784,124049912,201326592,56,956,7919,3061,54
201000,11844,124344632,201326592,58,963,7952,3061,54
202000,11901,124490024,201326592,56,969,7985,3061,54
203000,11961,125542640,201326592,58,976,8017,3061,54
204000,12020,125711088,201326592,58,981,8051,3061,55
205000,12078,126133792,201326592,56,989,8084,3061,55
206000,12138,127113848,201326592,58,995,8115,3061,55
207000,12196,127254144,201326592,57,1001,8149,3061,55
208000,12255,128063352,201326592,58,1009,8181,3061,56
209000,12314,128685816,201326592,58,1015,8214,3061,56
210000,12373,129216392,201326592,58,1021,8246,3061,56
211000,12431,129750192,201326592,57,1027,8281,3061,56
212000,12490,130816520,201326592,58,1034,8313,3061,57
213000,12550,132079336,201326592,60,1040,8346,3061,57
214000,12609,131978656,201326592,60,1047,8378,3061,57
215000,12667,132527688,201326592,60,1053,8410,3061,58
216000,12727,133075904,201326592,61,1059,8443,3061,58
217000,12785,133519584,201326592,61,1065,8477,3061,58
218000,12845,134529656,201326592,61,1073,8509,3061,58
219000,12903,134906736,201326592,61,1079,8540,3061,59
220000,12963,135510280,201326592,62,1085,8574,3061,59
221000,13021,135960664,201326592,61,1093,8605,3061,59
222000,13080,136603440,201326592,61,1099,8638,3061,59
223000,13139,137331040,201326592,62,1105,8670,3061,60
224000,13198,137857536,201326592,63,1111,8703,3061,60
225000,13256,138038376,201326592,61,1118,8736,3061,60
226000,13316,138670920,201326592,63,1124,8769,3061,60
227000,13375,139586576,201326592,64,1131,8801,3061,61
228000,13434,139567304,201326592,64,1137,8835,3061,61
229000,13492,140234424,201326592,63,1145,8867,3061,61
230000,13551,140958056,201326592,63,1150,8900,3061,61
231000,13610,141308320,201326592,64,1158,8932,3061,62
232000,13668,141773184,201326592,62,1165,8964,3061,62
233000,13728,142319752,201326592,64,1171,8997,3061,62
234000,13787,143234400,201326592,65,1177,9030,3061,63
235000,13847,143456240,201326592,67,1183,9063,3061,63
236000,13905,143979208,201326592,65,1191,9095,3061,63
